Producto,"Producto, nombre",Subfamilia,Nº productos,Nº Documentos,Nº items (líneas),Cantidad,Cant. confirmada,Importe bruto (euro),Importe dto. (euro),% Dto. Efectivo,Importe (euro),Unnamed: 12
A060644,RECAMBIO UML PRO SENSOR ELITE 2+,MATC,1,1,1,"15,000000000","15,000000000","72,600000000000000000","0,000000000000000000","0,000","72,60",
A100162,HAMMAR DUAL ASSEMBLY FOR REMOTE SYSTEM (VACUUM),HAMM,1,1,15,"15,000000000","15,000000000","1484,100000000000000000","0,000000000000000000","0,000","1484,10",
A160427,MASILLA DE SELLADO,MATB,1,1,1,"1,000000000","1,000000000","1,542857000000000000","0,002857000000000000","0,185","1,54",
A190061,BOTELLA CO2 14L,EXTI,1,1,1,"2,000000000","0,000000000","164,180000000000000000","0,000000000000000000","0,000","164,18",
A270691,FIRE PRO 2000 AEROSOL CONDENSADO,MASF,1,1,1,"1,000000000","0,000000000","819,920000000000000000","0,000000000000000000","0,000","819,92",
A270697,FIRE PRO 1200 AEROSOL CONDENSADO,MASF,1,1,1,"2,000000000","0,000000000","1415,820000000000000000","0,000000000000000000","0,000","1415,82",
B011730,A-,VARI,1,24,33,"180,000000000","166,000000000","7667,540000000000000000","1175,710000000000000000","15,334","6491,83",
B011731,A-,VARI,1,2,2,"4,000000000","1,000000000","696,000000000000000000","222,720000000000000000","32,000","473,28",
BALND004C,BALSA DUARRY 4 PL. ISO DYNAMIC CONT. NO OPERATIVA,BISO,1,1,1,"20,000000000","0,000000000","5000,000000000000000000","0,000000000000000000","0,000","5000,00",
BALND004S,BALSA DUARRY 4 PL. ISO DYNAMIC SACO NO OPERATIVA,BISO,1,1,1,"20,000000000","0,000000000","5000,000000000000000000","0,000000000000000000","0,000","5000,00",
BALND006C,BALSA DUARRY 6 PL. ISO DYNAMIC CONT.NO OPERATIVA,BISO,1,1,1,"30,000000000","0,000000000","9000,000000000000000000","0,000000000000000000","0,000","9000,00",
BALND006S,BALSA DUARRY 6 PL. ISO DYNAMIC SACO NO OPERATIVA,BISO,1,1,1,"40,000000000","0,000000000","12000,000000000000000000","0,000000000000000000","0,000","12000,00",
BALND008C,BALSA DUARRY 8 PL. ISO DYNAMIC CONT.NO OPERATIVA,BISO,1,1,1,"19,000000000","0,000000000","7125,000000000000000000","0,000000000000000000","0,000","7125,00",
BALND008S,BALSA DUARRY 8 PL. ISO DYNAMIC SACO NO OPERATIVA,BISO,1,1,1,"20,000000000","0,000000000","7500,000000000000000000","0,000000000000000000","0,000","7500,00",
BALND012C,BALSA DUARRY 12 PL. ISO DYNAMIC CONT NO OPERATIVA,BISO,1,1,1,"4,000000000","0,000000000","1880,000000000000000000","0,000000000000000000","0,000","1880,00",
BOSTIK COLA,BOSTIK COLA PARA NEOPRENO 2402 1L + CATALIZADOR,MATB,1,1,1,"1,000000000","1,000000000","40,795000000000000000","-0,005000000000000000","-0,011","40,80",
CA010003,BOTELLA(BOLSA)DE AGUA DE 1/2 L,AGUA,1,6,6,"5060,000000000","3710,000000000","3184,898200000000000000","-0,001800000000000000","0,000","3184,90",
CA020006,RACION ALIMENTOS 500 GRS SEVEN OCEANS,ALIM,1,5,5,"1514,000000000","1164,000000000","2953,629744000000000000","-0,000256000000000000","0,000","2953,63",
CA030008,PIROTECNIA: COHETE SEÑALES CON PARACAIDAS,PIRO,1,29,30,"1022,000000000","735,000000000","12688,340000000000000000","132,220000000000000000","1,042","12556,12",
CA030009,PIROTECNIA: BENGALA DE SEÑALES,PIRO,1,33,38,"1572,000000000","1097,000000000","6187,720000000000000000","69,900000000000000000","1,130","6117,82",
CA030010,PIROTECNIA: SEÑAL FUMIFERA FLOTANTE,PIRO,1,27,29,"400,000000000","303,000000000","5760,480000000000000000","103,920000000000000000","1,804","5656,56",
CA040013,APARATO LANZACABOS CUERPO COMPLETO,PIRO,1,1,1,"4,000000000","4,000000000","719,200000000000000000","0,000000000000000000","0,000","719,20",
CA040020,MAN OVERBOARD MK9,PIRO,1,1,1,"2,000000000","2,000000000","771,760000000000000000","0,000000000000000000","0,000","771,76",
CA050031,CHALECO INFLABLE MARINE 150N AUTO+ARNES,CHAL,1,1,1,"5,000000000","5,000000000","787,700000000000000000","275,690000000000000000","34,999","512,01",
CA050032,TRAJE SUPERVIV.ATLANTICO-2 SOLAS 2010 XL,CHAL,1,1,1,"2,000000000","2,000000000","352,340000000000000000","52,850000000000000000","15,000","299,49",
CA050035,CHALECO CAP CORSE-1 SOLAS ADULTO,CHAL,1,1,1,"10,000000000","10,000000000","168,700000000000000000","0,000000000000000000","0,000","168,70",
CA050040,CHALECO MAREA ISO 150N MANUAL+ARNES,CHAL,1,1,1,"10,000000000","10,000000000","1575,400000000000000000","551,390000000000000000","35,000","1024,01",
CA050047,CHALECO ATLANTIC 275 N AUTO + A,CHAL,1,2,2,"8,000000000","8,000000000","1280,960000000000000000","448,340000000000000000","35,000","832,62",
CA060060,H-BOTELLA CO2 33 GR. 150N,MATC,1,1,1,"15,000000000","15,000000000","283,500000000000000000","127,570000000000000000","44,998","155,93",
CA060062,H-BOTELLA CO2 60 GR.,MATC,1,1,1,"10,000000000","10,000000000","75,400000000000000000","0,000000000000000000","0,000","75,40",
CA060068,H-PASTILLA DISPARADOR AUTO-HINCHABLE,MATC,1,2,2,"112,000000000","112,000000000","1065,700000000000000000","295,120000000000000000","27,693","770,58",
CA060069,H-RECAMBIO CAPSULA UML MKS,MATC,1,1,1,"15,000000000","15,000000000","72,600000000000000000","0,000000000000000000","0,000","72,60",
CA062285,H-BOTELLA CO2 24 GR. 100N,MATC,1,1,1,"20,000000000","20,000000000","96,400000000000000000","0,000000000000000000","0,000","96,40",
CA070070,EXTINTOR POLVO SECO 6 KG. MARINA,EXTI,1,1,1,"2,000000000","2,000000000","49,080000000000000000","0,000000000000000000","0,000","49,08",
CA070073,"EXTINTOR POLVO SECO  2 KG, CON SOPORTE",EXTI,1,1,1,"10,000000000","10,000000000","172,500000000000000000","0,000000000000000000","0,000","172,50",
CA070079,EXTINTOR MARINA 9 L. ESPUMA,EXTI,1,1,1,"6,000000000","6,000000000","181,860000000000000000","0,000000000000000000","0,000","181,86",
CA100118,HRU ZAFA HAMMAR BALSA ,HRU,1,4,345,"364,000000000","342,000000000","11845,670000000000000000","0,000000000000000000","0,000","11845,67",
CA140175,BOTIQUIN TIPO C (ACCESORIOS) BOT.SALV.Y EMB.RECR (REF BC32NC22),BOTI,1,1,1,"5,000000000","0,000000000","141,100000000000000000","0,000000000000000000","0,000","141,10",
CA140180,BOTIQUIN SOLAS SIMPLIFICADO (ACCESORIOS) BC32SN16N AMARILLO,BOTI,1,8,8,"110,000000000","49,000000000","1048,750000000000000000","0,000000000000000000","0,000","1048,75",
CA140181,BOTIQUIN SOLAS SIMPLIFICADO (COMPLEMENTOS) FC32SN16N AMARILLO,BOTI,1,8,8,"110,000000000","49,000000000","828,911010000000000000","0,001010000000000000","0,000","828,91",
CA140184,BOTIQUIN CATEGORIA C NORMATIVA EUROPEA  NARANJA BO922916N,BOTI,1,1,1,"1,000000000","1,000000000","37,620000000000000000","0,000000000000000000","0,000","37,62",
CA150466,PEGAMENTO MONO COMPONENTE KIT REPARACION,MATB,1,1,1,"2,000000000","0,000000000","5,100000000000000000","0,000000000000000000","0,000","5,10",
CA150618,"KH-PIEZA GOMA PROTECCION MANGUERA ""L""",MATV,1,1,1,"15,000000000","0,000000000","45,000000000000000000","0,000000000000000000","0,000","45,00",
CA150636,CINTA REFLECTANTE SOLAS  (EURO/METRO),MATB,1,1,1,"1,000000000","1,000000000","5,950000000000000000","0,000000000000000000","0,000","5,95",
CA150664,KH-SACO VACIO BALSAS 4-6PL.,MATB,1,2,2,"115,000000000","12,000000000","1018,336900000000000000","-0,003100000000000000","0,000","1018,34",
CA150665,KH-SACO VACIO BALSAS 8-12PL.,MATB,1,2,2,"110,000000000","10,000000000","1066,600000000000000000","0,000000000000000000","0,000","1066,60",
CA150682,REFLECTOR DE RADAR VELEROS-2 (90251164),REFLE,1,1,1,"2,000000000","2,000000000","45,420000000000000000","20,440000000000000000","45,002","24,98",
CA150704,BOBINA CHALECO AUTOMATICO JS 1,MATC,1,2,2,"24,000000000","24,000000000","316,400000000000000000","0,000000000000000000","0,000","316,40",
CA150729,KH-VALVULA INFLADO SUPERIOR KIT BALSA KHD NVA.08,MATV,1,1,1,"20,000000000","0,000000000","160,000000000000000000","0,000000000000000000","0,000","160,00",
CA150730,KH-VALVULA INFLADO INFERIOR KIT BALSA KHD NVA.08 (5),MATV,1,1,1,"20,000000000","0,000000000","160,000000000000000000","0,000000000000000000","0,000","160,00",
CA150759,KH-VALVULA ENTRADA NO RETOR.SOLAS CAMARA SUP.,MATB,1,1,1,"15,000000000","0,000000000","169,500000000000000000","0,000000000000000000","0,000","169,50",
CA150761,KH-LLAVE(THANNER) SISTEMA HINCHADO KHYF-KHYSRF,MATB,1,2,2,"30,000000000","0,000000000","1140,000000000000000000","0,000000000000000000","0,000","1140,00",
CA150775,PRECINTO PLASTICO SIGNODE,MATB,1,1,1,"1,000000000","1,000000000","0,040000000000000000","0,000000000000000000","0,000","0,04",
CA150781,PARCHE SUJECCION INSTALACION DANIAMANT,MATV,1,2,2,"25,000000000","25,000000000","47,383310000000000000","0,003310000000000000","0,007","47,38",
CA150804,KIT LINTERNA LED+ BAT.,MATB,1,2,2,"33,000000000","33,000000000","307,086666000000000000","101,216666000000000000","32,960","205,87",
CA150925,Red de rescate 2m fibra carbono,MAFB,1,1,1,"1,000000000","1,000000000","923,274612000000000000","0,004612000000000000","0,000","923,27",
CA151005,KH-EQUIPO REPARACION VALVULA  (SP-3-005),MATB,1,1,1,"20,000000000","0,000000000","251,400000000000000000","0,000000000000000000","0,000","251,40",
CA151032,"KH-PIEZA GOMA PROTECCION MANGUERA ""Y""",MATV,1,1,1,"15,000000000","0,000000000","45,000000000000000000","0,000000000000000000","0,000","45,00",
CA151039,KH-TUBO DE PEGAMENTO,MATB,1,1,1,"10,000000000","10,000000000","18,000000000000000000","0,000000000000000000","0,000","18,00",
CA151068,SOPORTE BALSA INCLINADO ABATIBLE PEQUEÑO,MASO,1,1,1,"2,000000000","2,000000000","166,820000000000000000","0,000000000000000000","0,000","166,82",
CA151069,SOPORTE BALSA INCLINADO ABATIBLE GRANDE,MASO,1,1,1,"2,000000000","2,000000000","481,920000000000000000","0,000000000000000000","0,000","481,92",
CA151153,GRAPA FLEJAR PRECINTO PLASTICO CONTAINER,MATB,1,5,5,"1400,000000000","1400,000000000","15,518600000000000000","-0,011400000000000000","-0,072","15,53",
CA151162,PRECINTO PLASTICO CONT. BALSA 5500 NEW(MT.),MATB,1,1,1,"1,000000000","1,000000000","0,090000000000000000","0,000000000000000000","0,000","0,09",
CA151282,"CINTA AISLANTE NEGRA, 20x19 r.20 m.",MATB,1,1,1,"1,000000000","1,000000000","1,000000000000000000","0,000000000000000000","0,000","1,00",
CA152256,KH-MANGUERA P JUNTAS,MATV,1,1,1,"15,000000000","0,000000000","219,600000000000000000","0,000000000000000000","0,000","219,60",
CA152306,TRAJE SUPERVIV. ATLANTICO-2 SOLAS 2010 L,MATB,1,5,5,"17,000000000","17,000000000","3026,170000000000000000","354,640000000000000000","11,719","2671,53",
ca152367,CHALECO PORT 150N AUTO-ARNES PVC NEO ,CHAL,1,1,1,"15,000000000","15,000000000","2363,100000000000000000","827,080000000000000000","35,000","1536,02",
CA152368,CHALECO ISO 150N BALTIC BREEZE - ARNÉS+PERNERA,CHAL,1,2,2,"30,000000000","20,000000000","1710,000000000000000000","0,000000000000000000","0,000","1710,00",
CA161445,ABRAZADERA NYLON 6.6 140X3.6 NEGRA,MATB,1,1,1,"100,000000000","100,000000000","235,000000000000000000","0,000000000000000000","0,000","235,00",
CA161447,KH-VALVULA ANTIRRETORNO ENTRADA CO2N2 ,MATB,1,1,1,"10,000000000","0,000000000","180,000000000000000000","0,000000000000000000","0,000","180,00",
CA161449,KH-TAPON DE VALVULA DESHINCHADO,MATB,1,1,1,"10,000000000","0,000000000","58,600000000000000000","0,000000000000000000","0,000","58,60",
CA161452,THANNER TYPE D RELEASE DIAPHRAGM,MATB,1,1,1,"100,000000000","0,000000000","1400,000000000000000000","0,000000000000000000","0,000","1400,00",
CA161459,CAJA PAST.CONTRA MAREO (2 RAC),MATB,1,6,9,"1195,000000000","1195,000000000","5429,450000000000000000","0,000000000000000000","0,000","5429,45",
CA161461,ETIQ.ADH.CONT.6PL Y SV 6PL. ISO DY,MATB,1,1,1,"20,000000000","20,000000000","8,600000000000000000","0,000000000000000000","0,000","8,60",
CA161462,ETIQ.ADH.CONT.8PL Y SV 8PL. ISO DY,MATB,1,1,1,"20,000000000","20,000000000","3,000000000000000000","0,000000000000000000","0,000","3,00",
CA161472,KH-LLAVE (THANNER) VALVULA INFLADO KHY   45-042,MATB,1,2,2,"40,000000000","0,000000000","384,000000000000000000","0,000000000000000000","0,000","384,00",
CA161474,KH-LLAVE RECARGA CABEZAL YY-SSF,MATB,1,1,1,"10,000000000","0,000000000","771,500000000000000000","0,000000000000000000","0,000","771,50",
CA161477,KH-REPARACION KIT CABEZAL DISP. YY-SSF SOLAS,MATB,1,1,1,"30,000000000","0,000000000","147,600000000000000000","0,000000000000000000","0,000","147,60",
CA161491,ETIQ.PROXIMA REVISION,MATB,1,6,6,"458,000000000","458,000000000","74,239876000000000000","-0,000124000000000000","0,000","74,24",
CA161492,ETIQ.ISO DUARRY 8 RECUADROS,MATB,1,3,3,"75,000000000","75,000000000","174,882940000000000000","0,002940000000000000","0,002","174,88",
CA161493,ETIQ.LOGO ISO DUARRY PEQ.,MATB,1,1,1,"20,000000000","20,000000000","20,292860000000000000","0,002860000000000000","0,014","20,29",
CA161495,ETIQ. PUNTO GRANDE ISO DUARRY,MATB,1,2,2,"55,000000000","55,000000000","58,129625000000000000","-0,000375000000000000","-0,000","58,13",
CA161496,ETIQ. PUNTO PEQ. ISO DUARRY,MATB,1,1,1,"25,000000000","25,000000000","29,723950000000000000","0,003950000000000000","0,013","29,72",
CA161497,"TUBO TERMORETRACTIL TLFX 127// 12.7 MM-6,4 MM",MATB,1,3,3,"600,000000000","600,000000000","84,295220000000000000","-0,004780000000000000","-0,005","84,30",
CA161498,H-LLAVE RECARGA BOTELLA DK99 (THANNER),MATB,1,2,2,"22,000000000","0,000000000","3960,000000000000000000","0,000000000000000000","0,000","3960,00",
CA161501,KH-ARANDELA P/VAL.ANTIRRETORNO,MATB,1,5,5,"1180,000000000","380,000000000","94,651200000000000000","0,001200000000000000","0,001","94,65",
CA161508,KH-OBTURADOR DIAFRAGMA PFII,MATB,1,1,1,"6,000000000","6,000000000","51,173334000000000000","0,003334000000000000","0,007","51,17",
CA161509,"KH-PILA LINT.R6 (4 UNIDS) 1,5V (B.DY-KH)",MATB,1,4,4,"90,000000000","90,000000000","75,932650000000000000","0,002650000000000000","0,003","75,93",
CA161512,KH-VALVULA BOTELLA CO2N2 PFII,MATB,1,1,1,"10,000000000","0,000000000","146,400000000000000000","0,000000000000000000","0,000","146,40",
CA161513,FLEJE TEXTIL BALSA,MATB,1,5,5,"126,000000000","46,000000000","3933,585910000000000000","-0,004090000000000000","0,000","3933,59",
CA161564,VALVULA DE SOBREPRESIÓN,MATB,1,1,1,"2,000000000","2,000000000","7,100000000000000000","0,000000000000000000","0,000","7,10",
CA161565,VALVULA DE INFLADO PRINCIPAL MIV,MATB,1,1,1,"2,000000000","2,000000000","6,400000000000000000","0,000000000000000000","0,000","6,40",
CA161569,REFLECTOR DE RADAR (90251165),REFLE,1,1,1,"2,000000000","2,000000000","98,400000000000000000","44,280000000000000000","45,000","54,12",
CA161571,TPA MANTA TÉRMICA,MATB,1,1,1,"10,000000000","10,000000000","80,000000000000000000","0,000000000000000000","0,000","80,00",
CA161592,ADHESIVO LOGO DUARRY,MATB,1,2,2,"45,000000000","45,000000000","33,300000000000000000","0,000000000000000000","0,000","33,30",
CA161594,ETIQ. NO CORTAR,MATB,1,3,3,"1300,000000000","300,000000000","500,240000000000000000","0,000000000000000000","0,000","500,24",
CA161596,BOLSA VACIO COMPACT 10/12P,MATB,1,1,1,"200,000000000","0,000000000","1746,000000000000000000","0,000000000000000000","0,000","1746,00",
CA161605,CUERPO Y GANCHO TENSOR M6,MATB,1,2,2,"14,000000000","14,000000000","22,244630000000000000","0,004630000000000000","0,021","22,24",
CA161613,ETIQ.REVISION BALSA EXTERIOR,MATB,1,1,1,"20,000000000","20,000000000","2,870000000000000000","0,000000000000000000","0,000","2,87",
CA161616,TUBO PORTADOR DOCUMENTO BALSA,MATB,1,1,1,"25,000000000","25,000000000","59,428575000000000000","-0,001425000000000000","-0,001","59,43",
CA161621,ETIQUETA SOLAS 8 RECUADROS LANZABLE CC,MATB,1,1,1,"30,000000000","30,000000000","26,811810000000000000","0,001810000000000000","0,007","26,81",
CA161628,"Saco Valija Rojo, Balsa deportiva 4PL",MATB,1,1,1,"5,000000000","0,000000000","156,200000000000000000","0,000000000000000000","0,000","156,20",
CA161629,"Saco Valija Rojo, Balsa deportiva 6PL",MATB,1,1,1,"5,000000000","0,000000000","165,650000000000000000","0,000000000000000000","0,000","165,65",
CA161630,"Saco Valija Rojo, Balsa deportiva 8PL",MATB,1,1,1,"5,000000000","0,000000000","170,350000000000000000","0,000000000000000000","0,000","170,35",
CA161631,"Saco Valija Rojo, Balsa deportiva 10PL",MATB,1,1,1,"5,000000000","0,000000000","175,100000000000000000","0,000000000000000000","0,000","175,10",
CA161632,"Saco Valija Rojo, Balsa deportiva 12PL",MATB,1,1,1,"10,000000000","0,000000000","359,700000000000000000","0,000000000000000000","0,000","359,70",
CA162212,PARCHE ALCARES NEPTUNE,MATB,1,1,1,"50,000000000","50,000000000","141,000000000000000000","0,000000000000000000","0,000","141,00",
CA181639,Container SOLAS 6/8 pack A,MACS,1,1,1,"2,000000000","2,000000000","244,946666000000000000","-0,003334000000000000","-0,000","244,95",
CA181645,CONT RECT SOLAS A 6/8 - SOLAS B 10/12 - COM 10/12,MACS,1,1,1,"24,000000000","0,000000000","2209,680000000000000000","0,000000000000000000","0,000","2209,68",
CA181648,CONTAINER COMPACT 6 PL,MACS,1,1,1,"6,000000000","0,000000000","502,140000000000000000","0,000000000000000000","0,000","502,14",
CA181649,CONTAINER COMPACT 8P,MACS,1,1,1,"6,000000000","0,000000000","557,940000000000000000","0,000000000000000000","0,000","557,94",
CA182203,CAJA MADERA BALSA PEQ,MATB,1,1,1,"58,000000000","58,000000000","1703,460000000000000000","0,000000000000000000","0,000","1703,46",
CA182205,CAJA MADERA BALSA MEDIANA,MATB,1,1,1,"30,000000000","0,000000000","1334,700000000000000000","0,000000000000000000","0,000","1334,70",
CA191670,BOTELLA 18l BALSA ORIL 65PL,EXTI,1,1,1,"4,000000000","0,000000000","516,680000000000000000","0,000000000000000000","0,000","516,68",
CA221682,MOTOR 25ML MERCURY SOLAS,B420,1,1,1,"1,000000000","1,000000000","3500,000000000000000000","0,000000000000000000","0,000","3500,00",
CA221686,LONA DE FONDEO BOTE RESCATE 392 RB,B420,1,1,1,"1,000000000","1,000000000","250,000000000000000000","0,000000000000000000","0,000","250,00",
CA232264,COHETE LANZACABOS COMET/PAINS WESSEX 250 LTA,PIRO,1,6,6,"20,000000000","16,000000000","3822,960000000000000000","0,000000000000000000","0,000","3822,96",
CA232265,LUZ CHALECO AUTOMÁTICA DAN W4-A,MATC,1,2,2,"350,000000000","350,000000000","1940,000000000000000000","0,000000000000000000","0,000","1940,00",
CB080147,HRU OCEAN SIGNAL EPIRB3,MATR,1,1,1,"10,000000000","10,000000000","708,200000000000000000","0,000000000000000000","0,000","708,20",
CB080154,HRU ACR HIDROFIX,MATR,1,3,3,"45,000000000","40,000000000","3283,950000000000000000","67,310000000000000000","2,050","3216,64",
CBALAC006R,BALSA DUARRY COMPACT 6 PL. SOLAS PAQ.A.,COMP,1,1,1,"6,000000000","0,000000000","4608,000000000000000000","0,000000000000000000","0,000","4608,00",
CBALAC008R,BALSA DUARRY COMPACT 8 PL. SOLAS PAQ.A.,COMP,1,1,1,"6,000000000","0,000000000","5053,920000000000000000","0,000000000000000000","0,000","5053,92",
CBALAC010R,BALSA DUARRY COMPACT 10 PL. SOLAS PAQ.A.,COMP,1,1,1,"12,000000000","0,000000000","10128,000000000000000000","0,000000000000000000","0,000","10128,00",
CBALAC012R,BALSA DUARRY COMPACT 12 PL. SOLAS PAQ.A.,COMP,1,1,1,"12,000000000","0,000000000","12024,000000000000000000","0,000000000000000000","0,000","12024,00",
CBALAL008C,BALSA DUARRY 8 PL SOLAS TOB PAQ.A  C.C.,LANZ,1,2,3,"20,000000000","2,000000000","12798,200000000000000000","0,000000000000000000","0,000","12798,20",
CBALAL008SC,BALSA DUARRY 8 PL SOLAS TOB PAQ.A SIN CONTAINER,LANZ,1,2,2,"14,000000000","0,000000000","7924,180000000000000000","0,000000000000000000","0,000","7924,18",
CBALAL010C,BALSA DUARRY 10 PL SOLAS TOB PAQ.A  C.C.,LANZ,1,2,5,"14,000000000","4,000000000","9949,100000000000000000","0,000000000000000000","0,000","9949,10",
CBALAL010SC,BALSA DUARRY 10 PL SOLAS TOB PAQ.A SIN CONTAINER,LANZ,1,1,1,"8,000000000","0,000000000","4923,040000000000000000","0,000000000000000000","0,000","4923,04",
CBALAL012C,BALSA DUARRY 12 PL SOLAS TOB PAQ.A  C.C.,LANZ,1,2,2,"15,000000000","0,000000000","11493,150000000000000000","0,000000000000000000","0,000","11493,15",
CBALAL012SC,BALSA DUARRY 12 PL SOLAS TOB PAQ.A SIN CONTAINER,LANZ,1,1,1,"8,000000000","0,000000000","5405,040000000000000000","0,000000000000000000","0,000","5405,04",
CBALAL016C,BALSA DUARRY 16 PL SOLAS TOB PAQ.A  C.C.,LANZ,1,5,6,"25,000000000","2,000000000","21611,250000000000000000","0,000000000000000000","0,000","21611,25",
CBALAL020C,BALSA DUARRY 20 PL SOLAS TOB PAQ.A  C.C.,LANZ,1,1,1,"8,000000000","0,000000000","7407,520000000000000000","0,000000000000000000","0,000","7407,52",
CBALAL025C,BALSA DUARRY 25 PL SOLAS TOB PAQ.A  C.C.,LANZ,1,1,21,"40,000000000","20,000000000","47653,680000000000000000","0,000000000000000000","0,000","47653,68",
CBALAR050C,BALSA DUARRY 50 PL SOLAS REV. C.C.,REVE,1,1,1,"6,000000000","0,000000000","9412,680000000000000000","0,000000000000000000","0,000","9412,68",
CBALAR065C,BALSA DUARRY 65 PL SOLAS REV. C.C.,REVE,1,1,4,"4,000000000","4,000000000","6492,510000000000000000","0,000000000000000000","0,000","6492,51",
CBALAR100C,BALSA DUARRY 100 PL SOLAS REV. C.C.,REVE,1,1,1,"2,000000000","0,000000000","7378,660000000000000000","0,000000000000000000","0,000","7378,66",
D-104,Cilindro 4 L 25E PI ISO DYNAMIC,EXTI,1,1,1,"2,000000000","0,000000000","206,600000000000000000","0,000000000000000000","0,000","206,60",
D-106,Cilindro 5 L 25E PI ISO DYNAMIC,EXTI,1,1,1,"1,000000000","0,000000000","123,300000000000000000","0,000000000000000000","0,000","123,30",
D-108,Cilindro 6 L 25E PI ISO DYNAMIC,EXTI,1,1,1,"2,000000000","0,000000000","216,460000000000000000","0,000000000000000000","0,000","216,46",
D-12,Asas container ISO Dynamic,MACI,1,1,1,"20,000000000","20,000000000","36,600000000000000000","0,000000000000000000","0,000","36,60",
D-122,Container ISO Dynamic Parte inferior  B3,MACI,1,1,1,"12,000000000","12,000000000","852,000000000000000000","0,000000000000000000","0,000","852,00",
D-127,CONTAINER ISO DYNAMICS Y6,MACI,1,1,1,"6,000000000","6,000000000","462,360000000000000000","0,000000000000000000","0,000","462,36",
D-128,Grab Bag DUARRY ISO Dynamic 30 Lt. Vacío.,MATB,1,1,1,"10,000000000","0,000000000","1050,000000000000000000","0,000000000000000000","0,000","1050,00",
D-17,Goma Junta container ISO Dynamic (1 m),MATB,1,1,1,"28,000000000","28,000000000","89,600000000000000000","0,000000000000000000","0,000","89,60",
D-31,JUNTA CONEXION MANGUERA ISO DYNAMIC,MATB,1,2,2,"250,000000000","50,000000000","71,345000000000000000","-0,005000000000000000","-0,006","71,35",
D-34,Cabezal de disparo blanco ISO Dynamic,MATB,1,1,1,"15,000000000","0,000000000","161,850000000000000000","0,000000000000000000","0,000","161,85",
D-37,OBTURADOR ISO DYNAMIC,MATB,1,2,2,"40,000000000","20,000000000","476,400000000000000000","0,000000000000000000","0,000","476,40",
D-51,LONAKO LIGHTING SYSTEM LNK-LR-03A FULL SET,MATB,1,2,2,"41,000000000","16,000000000","996,982992000000000000","0,002992000000000000","0,000","996,98",
D-57,Kit reparación ISO Dynamic 13 ud,MATB,1,1,1,"10,000000000","10,000000000","199,500000000000000000","0,000000000000000000","0,000","199,50",
D-63,SACO VACIO BALSA 4 PL ISO DYNAMIC,MATB,1,1,1,"20,000000000","20,000000000","240,200000000000000000","0,000000000000000000","0,000","240,20",
D-64,SACO VACIO BALSA 6-8 PL ISO DYNAMIC,MATB,1,2,2,"20,000000000","20,000000000","125,692870000000000000","0,002870000000000000","0,002","125,69",
D-65,SACO VACIO BALSA 10-12 PL ISO DYNAMIC,MATB,1,2,2,"15,000000000","15,000000000","76,546950000000000000","-0,003050000000000000","-0,003","76,55",
DY6C-USA-SR,BALSA DUARRY 6 PL. ISO DYNAMIC CONT. AUTOADRIZABLE,BISO,1,1,1,"20,000000000","0,000000000","6000,000000000000000000","0,000000000000000000","0,000","6000,00",
DY6S-USA-SR,BALSA DUARRY 6 PL. ISO DYNAMIC SACO AUTOADRIZABLE ,BISO,1,1,1,"20,000000000","0,000000000","6000,000000000000000000","0,000000000000000000","0,000","6000,00",
DY8C-USA-SR,BALSA DUARRY 8 PL. ISO DYNAMIC CONT. AUTOADRIZABLE ,BISO,1,1,1,"20,000000000","0,000000000","7500,000000000000000000","0,000000000000000000","0,000","7500,00",
DY8S-USA-SR,BALSA DUARRY 8 PL. ISO DYNAMIC SACO AUTOADRIZABLE ,BISO,1,1,1,"10,000000000","0,000000000","3750,000000000000000000","0,000000000000000000","0,000","3750,00",
L-227,BOZA DE DISPARO ISO/PAINTER LINE ISO 12MTR LALIZAS,MATB,1,1,1,"12,000000000","12,000000000","27,240000000000000000","0,000000000000000000","0,000","27,24",
N-128,BOTELLA CO2 22L,MATB,1,1,1,"2,000000000","0,000000000","225,200000000000000000","0,000000000000000000","0,000","225,20",
NSRN2000,Radiobaliza NSR N2000,RADI,1,3,3,"3,000000000","3,000000000","1980,000000000000000000","693,000000000000000000","35,000","1287,00",
PORTES,PORTES COMPRAS,PORT,1,4,4,"4,000000000","1,000000000","118,000000000000000000","0,000000000000000000","0,000","118,00",
RL6e,CABLE + LUZ EXTERIOR RL6e DANIAMANT,MATB,1,11,11,"165,000000000","115,000000000","928,979558000000000000","-0,010442000000000000","-0,000","928,99",
RL6i,BATERIA + LUZ INTERIOR RL6i DANIAMANT,MATB,1,10,10,"610,000000000","110,000000000","9304,001945000000000000","-0,008055000000000000","0,000","9304,01",
VBALID004R,BALSA DUARRY N 4 PL. ISO CONTAINER,BISO,1,1,1,"3,000000000","0,000000000","1050,630000000000000000","0,000000000000000000","0,000","1050,63",
VBALID004S,BALSA DUARRY N 4 PL.ISO SACO,BISO,1,1,1,"2,000000000","0,000000000","672,040000000000000000","0,000000000000000000","0,000","672,04",
VBALID006R,BALSA DUARRY N 6 PL.ISO CONTAINER,BISO,1,1,1,"3,000000000","0,000000000","1066,530000000000000000","0,000000000000000000","0,000","1066,53",
VBALID006S,BALSA DUARRY N 6 PL.ISO SACO,BISO,1,1,1,"2,000000000","0,000000000","682,940000000000000000","0,000000000000000000","0,000","682,94",
VBALID008R,BALSA DUARRY N 8 PL.ISO CONTAINER,BISO,1,1,1,"4,000000000","0,000000000","1627,840000000000000000","0,000000000000000000","0,000","1627,84",
VBALID008S,BALSA DUARRY N 8 PL.ISO SACO,BISO,1,1,1,"4,000000000","0,000000000","1571,720000000000000000","0,000000000000000000","0,000","1571,72",
VBALID010R,BALSA DUARRY N 10 PL.ISO CONTAINER,BISO,1,1,1,"10,000000000","0,000000000","4415,800000000000000000","0,000000000000000000","0,000","4415,80",
VBALID010S,BALSA DUARRY N 10 PL. ISO SACO,BISO,1,1,1,"10,000000000","0,000000000","4275,400000000000000000","0,000000000000000000","0,000","4275,40",
VBALID012R,BALSA DUARRY N 12 PL.ISO CONTAINER,BISO,1,1,1,"10,000000000","0,000000000","4883,500000000000000000","0,000000000000000000","0,000","4883,50",
VBALID012S,BALSA DUARRY N 12 PL.ISO SACO,BISO,1,1,1,"15,000000000","0,000000000","11970,000000000000000000","0,000000000000000000","0,000","11970,00",
